index;seqName;clade;clade_display;clade_who;clade_nextstrain;partiallyAliased;Nextclade_pango;qc.overallScore;qc.overallStatus;totalSubstitutions;totalDeletions;totalInsertions;totalFrameShifts;totalMissing;totalNonACGTNs;totalAminoacidSubstitutions;totalAminoacidDeletions;totalAminoacidInsertions;totalUnknownAa;alignmentScore;alignmentStart;alignmentEnd;coverage;isReverseComplement;substitutions;deletions;insertions;frameShifts;aaSubstitutions;aaDeletions;aaInsertions;privateNucMutations.reversionSubstitutions;privateNucMutations.labeledSubstitutions;privateNucMutations.unlabeledSubstitutions;privateNucMutations.totalReversionSubstitutions;privateNucMutations.totalLabeledSubstitutions;privateNucMutations.totalUnlabeledSubstitutions;privateNucMutations.totalPrivateSubstitutions;missing;founderMuts['clade'].nodeName;founderMuts['clade'].substitutions;founderMuts['clade'].deletions;founderMuts['clade'].aaSubstitutions;founderMuts['clade'].aaDeletions;founderMuts['Nextclade_pango'].nodeName;founderMuts['Nextclade_pango'].substitutions;founderMuts['Nextclade_pango'].deletions;founderMuts['Nextclade_pango'].aaSubstitutions;founderMuts['Nextclade_pango'].aaDeletions;relativeMutations['JN.1 (24A)'].nodeName;relativeMutations['JN.1 (24A)'].substitutions;relativeMutations['JN.1 (24A)'].deletions;relativeMutations['JN.1 (24A)'].aaSubstitutions;relativeMutations['JN.1 (24A)'].aaDeletions;relativeMutations['XBB.1.5 (23A)'].nodeName;relativeMutations['XBB.1.5 (23A)'].substitutions;relativeMutations['XBB.1.5 (23A)'].deletions;relativeMutations['XBB.1.5 (23A)'].aaSubstitutions;relativeMutations['XBB.1.5 (23A)'].aaDeletions;unknownAaRanges;nonACGTNs;qc.missingData.missingDataThreshold;qc.missingData.score;qc.missingData.status;qc.missingData.totalMissing;qc.mixedSites.mixedSitesThreshold;qc.mixedSites.score;qc.mixedSites.status;qc.mixedSites.totalMixedSites;qc.privateMutations.cutoff;qc.privateMutations.excess;qc.privateMutations.score;qc.privateMutations.status;qc.privateMutations.total;qc.snpClusters.clusteredSNPs;qc.snpClusters.score;qc.snpClusters.status;qc.snpClusters.totalSNPs;qc.frameShifts.frameShifts;qc.frameShifts.totalFrameShifts;qc.frameShifts.frameShiftsIgnored;qc.frameShifts.totalFrameShiftsIgnored;qc.frameShifts.score;qc.frameShifts.status;qc.stopCodons.stopCodons;qc.stopCodons.totalStopCodons;qc.stopCodons.score;qc.stopCodons.status;totalPcrPrimerChanges;pcrPrimerChanges;failedCdses;warnings;errors
0;MZ054892.1 Severe acute respiratory syndrome coronavirus 2 isolate SARS-CoV-2/human/LBY/BTRC Libya SARS-CoV-2 WGS-36/2021, complete genome;21D;21D (Eta);Eta;21D;B.1.525;B.1.525;6.250000;good;32;73;0;0;82;0;17;8;0;28;88967;33;29845;0.9942480687556432;false;C241T,C884T,C1498T,C1684T,A1807G,G2659A,C3037T,G3955T,C5144T,C6285T,T8593C,C9565T,C14407T,C14408T,C18171T,C19269T,A20724G,C21762T,A21993T,G23012A,C23029T,A23403G,G23593C,T24224C,C24748T,C26305T,T26767C,G28233T,C28308G,A28699G,C28887T,G29543T;11288-11296,21765-21770,21989-21991,27205-27207,28278-28280,29728-29776;;;E:L21F,M:I82T,N:D3Y,N:A12G,N:T205I,ORF1a:R207C,ORF1a:K1230N,ORF1a:T2007I,ORF1b:P314F,ORF8:V114F,ORF9b:H9D,S:A67V,S:Y144F,S:E484K,S:D614G,S:Q677H,S:F888L;N:S2-,ORF1a:S3675-,ORF1a:G3676-,ORF1a:F3677-,ORF6:F2-,S:H69-,S:V70-,S:V143-;;;C26305T|21D;C884T,C1684T,G3955T,C5144T,C19269T,-21993T,C23029T,G28233T;0;1;8;9;21674-21755;B.1.525;C884T,C1684T,G3955T,C5144T,C19269T,-21993T,C23029T,C26305T,G28233T;21989-21991,29728-29776;E:L21F,ORF1a:R207C,ORF1a:K1230N,ORF8:V114F,S:-144F;S:V143-;B.1.525;C884T,C1684T,G3955T,C5144T,C19269T,-21993T,C23029T,C26305T,G28233T;21989-21991,29728-29776;E:L21F,ORF1a:R207C,ORF1a:K1230N,ORF8:V114F,S:-144F;S:V143-;N/A;N/A;N/A;N/A;N/A;N/A;N/A;N/A;N/A;N/A;S:38-65;;3000;0;good;82;10;0;good;0;24;6;25;good;14;;0;good;0;;0;;0;0;good;;0;0;good;0;;;;
1;MZ054889.1 Severe acute respiratory syndrome coronavirus 2 isolate SARS-CoV-2/human/LBY/BTRC Libya SARS-CoV-2 WGS-33/2021, complete genome;20B;20B;;20B;B.1.1.10.3;L.3;2.777778;good;32;0;0;0;13;0;19;0;0;5;89298;33;29845;0.9965555295455305;false;C241T,C884T,C1601T,C3037T,G4399T,C4543T,C5298T,G8179T,C8481T,A9453C,C11565T,C12406T,C14408T,A17729C,C19170T,C19269T,G19509A,A20304C,T20376C,G22014T,T22917G,A23403G,A25026T,G25244T,C25701T,A26555C,A26927G,C27393T,T28465C,G28881A,G28882A,G28883C;;;;M:E11D,N:R203K,N:G204R,ORF1a:R207C,ORF1a:L446F,ORF1a:M1378I,ORF1a:T1678I,ORF1a:P2739L,ORF1a:Y3063S,ORF1a:P3767L,ORF1b:P314L,ORF1b:E1421A,ORF1b:E2279D,ORF9b:L61S,S:S151I,S:L452R,S:D614G,S:Y1155F,S:V1228L;;;;;C884T,C5298T,C11565T,C12406T,A17729C,A20304C,T20376C,G22014T,C25701T,A26555C,C27393T,T28465C;0;0;12;12;8526-8538;NODE_0000632;C884T,C1601T,G4399T,C4543T,C5298T,G8179T,C8481T,A9453C,C11565T,C12406T,A17729C,C19170T,C19269T,G19509A,A20304C,T20376C,G22014T,T22917G,A25026T,G25244T,C25701T,A26555C,A26927G,C27393T,T28465C;;M:E11D,ORF1a:R207C,ORF1a:L446F,ORF1a:M1378I,ORF1a:T1678I,ORF1a:P2739L,ORF1a:Y3063S,ORF1a:P3767L,ORF1b:E1421A,ORF1b:E2279D,ORF9b:L61S,S:S151I,S:L452R,S:Y1155F,S:V1228L;;L.3;C884T,C5298T,C11565T,C12406T,A17729C,A20304C,T20376C,G22014T,C25701T,A26555C,C27393T,T28465C;;M:E11D,ORF1a:R207C,ORF1a:T1678I,ORF1a:P3767L,ORF1b:E1421A,ORF1b:E2279D,ORF9b:L61S,S:S151I;;N/A;N/A;N/A;N/A;N/A;N/A;N/A;N/A;N/A;N/A;ORF1a:2754-2758;;3000;0;good;13;10;0;good;0;24;4;16.666667;good;12;;0;good;0;;0;;0;0;good;;0;0;good;0;;;;
2;MZ054881.1 Severe acute respiratory syndrome coronavirus 2 isolate SARS-CoV-2/human/LBY/BTRC Libya SARS-CoV-2 WGS-25/2021, complete genome;20I;20I (Alpha);Alpha;20I;B.1.1.7;B.1.1.7;17.361111;good;35;19;0;0;150;0;20;6;0;51;89064;33;29845;0.9919740494264789;false;C241T,C884T,C913T,C3037T,C3267T,C5388A,C5944T,C5986T,T6954C,C14408T,C14676T,T15096C,C15279T,T16176C,A23063T,C23271A,A23403G,C23604A,C23709T,T24506G,G24914C,T25209C,C27972T,T28062C,A28095T,A28111G,G28280C,A28281T,T28282A,G28881A,G28882A,G28883C,G28884C,C28977T,C29666T;11288-11296,21765-21770,21992-21994,28271;;;N:D3L,N:R203K,N:G204P,N:S235F,ORF1a:R207C,ORF1a:T1001I,ORF1a:A1708D,ORF1a:I2230T,ORF1b:P314L,ORF8:Q27*,ORF8:K68*,ORF8:Y73C,S:N501Y,S:A570D,S:D614G,S:P681H,S:T716I,S:S982A,S:D1118H,S:I1216T;ORF1a:S3675-,ORF1a:G3676-,ORF1a:F3677-,S:H69-,S:V70-,S:Y144-;;T28048G;G28884C|24C&24F,C29666T|22B;C884T,C5944T,T25209C,T28062C;1;2;4;7;11313-11380,21674-21755;NODE_0000661;C884T,C5944T,T15096C,T25209C,T28048G,T28062C,A28095T,G28884C,C29666T;;N:R204P,ORF1a:R207C,ORF8:I52R,ORF8:K68*,S:I1216T;;NODE_0000661;C884T,C5944T,T15096C,T25209C,T28048G,T28062C,A28095T,G28884C,C29666T;;N:R204P,ORF1a:R207C,ORF8:I52R,ORF8:K68*,S:I1216T;;N/A;N/A;N/A;N/A;N/A;N/A;N/A;N/A;N/A;N/A;ORF1a:3683-3705,S:38-65;;3000;0;good;150;10;0;good;0;24;10;41.666667;mediocre;18;;0;good;0;;0;;0;0;good;;0;0;good;0;;;;
3;MZ054879.1 Severe acute respiratory syndrome coronavirus 2 isolate SARS-CoV-2/human/LBY/BTRC Libya SARS-CoV-2 WGS-23/2021, complete genome;20A;20A;;20A;B.1;B.1;29.340278;good;13;0;0;0;0;0;7;0;0;0;89387;33;29845;0.9969902685349296;false;C241T,C884T,C3037T,A3904T,G13126A,C14408T,A18522G,G21255C,A23403G,C24912T,T26767C,C26801G,C28308G;;;;M:I82T,N:A12G,ORF1a:R207C,ORF1b:P314L,ORF9b:H9D,S:D614G,S:T1117I;;;;G21255C|20E,T26767C|21J&21I&21A&21D,C26801G|20E,C28308G|21D;C884T,A3904T,G13126A,A18522G,C24912T;0;4;5;9;;NODE_0000469;C884T,A3904T,G13126A,A18522G,G21255C,C24912T,T26767C,C26801G,C28308G;;M:I82T,N:A12G,ORF1a:R207C,ORF9b:H9D,S:T1117I;;NODE_0000469;C884T,A3904T,G13126A,A18522G,G21255C,C24912T,T26767C,C26801G,C28308G;;M:I82T,N:A12G,ORF1a:R207C,ORF9b:H9D,S:T1117I;;N/A;N/A;N/A;N/A;N/A;N/A;N/A;N/A;N/A;N/A;;;3000;0;good;0;10;0;good;0;24;13;54.166667;mediocre;21;;0;good;0;;0;;0;0;good;;0;0;good;0;;;;
5;MZ054867.1 Severe acute respiratory syndrome coronavirus 2 isolate SARS-CoV-2/human/LBY/BTRC Libya SARS-CoV-2 WGS-11/2021, complete genome;21D;21D (Eta);Eta;21D;B.1.525;B.1.525;6.250000;good;31;73;0;0;0;0;18;8;0;0;89053;33;29845;0.9969902685349296;false;A82C,C241T,C884T,C1498T,A1807G,G2659A,C3037T,C6285T,T8593C,C9565T,C10116T,C14407T,C14408T,C18171T,A20724G,C21575T,A21717G,C21762T,C22570T,G23012A,A23403G,G23593C,T24224C,C24748T,C26305T,T26767C,G28233T,C28308G,A28699G,C28887T,G29543T;11288-11296,21765-21770,21992-21994,27205-27207,28278-28280,29728-29776;;;E:L21F,M:I82T,N:D3Y,N:A12G,N:T205I,ORF1a:R207C,ORF1a:T2007I,ORF1a:T3284I,ORF1b:P314F,ORF8:V114F,ORF9b:H9D,S:L5F,S:Q52R,S:A67V,S:E484K,S:D614G,S:Q677H,S:F888L;N:S2-,ORF1a:S3675-,ORF1a:G3676-,ORF1a:F3677-,ORF6:F2-,S:H69-,S:V70-,S:Y144-;;;C21575T|21F,C26305T|21D;A82C,C884T,C10116T,C22570T,G28233T;0;2;5;7;;B.1.525;A82C,C884T,C10116T,C21575T,C22570T,C26305T,G28233T;29728-29776;E:L21F,ORF1a:R207C,ORF1a:T3284I,ORF8:V114F,S:L5F;;B.1.525;A82C,C884T,C10116T,C21575T,C22570T,C26305T,G28233T;29728-29776;E:L21F,ORF1a:R207C,ORF1a:T3284I,ORF8:V114F,S:L5F;;N/A;N/A;N/A;N/A;N/A;N/A;N/A;N/A;N/A;N/A;;;3000;0;good;0;10;0;good;0;24;6;25;good;14;;0;good;0;;0;;0;0;good;;0;0;good;0;;;;
4;MZ054875.1 Severe acute respiratory syndrome coronavirus 2 isolate SARS-CoV-2/human/LBY/BTRC Libya SARS-CoV-2 WGS-19/2021, complete genome;21D;21D (Eta);Eta;21D;B.1.525;B.1.525;0.694444;good;30;73;0;0;0;0;17;8;0;0;89057;33;29845;0.9969902685349296;false;C241T,C884T,C1498T,A1807G,G2659A,C3037T,C6285T,T8593C,C9565T,C14407T,C14408T,C18171T,C19269T,A20724G,A21717G,C21762T,G23012A,A23403G,G23593C,T24224C,C24748T,T25496C,C26305T,T26767C,G28233T,C28308G,A28699G,C28887T,G29543T,C29585T;11288-11296,21765-21770,21992-21994,27205-27207,28278-28280,29728-29776;;;E:L21F,M:I82T,N:D3Y,N:A12G,N:T205I,ORF1a:R207C,ORF1a:T2007I,ORF1b:P314F,ORF3a:I35T,ORF8:V114F,ORF9b:H9D,S:Q52R,S:A67V,S:E484K,S:D614G,S:Q677H,S:F888L;N:S2-,ORF1a:S3675-,ORF1a:G3676-,ORF1a:F3677-,ORF6:F2-,S:H69-,S:V70-,S:Y144-;;;C26305T|21D;C884T,C19269T,T25496C,G28233T,C29585T;0;1;5;6;;B.1.525;C884T,C19269T,T25496C,C26305T,G28233T,C29585T;29728-29776;E:L21F,ORF1a:R207C,ORF3a:I35T,ORF8:V114F;;B.1.525;C884T,C19269T,T25496C,C26305T,G28233T,C29585T;29728-29776;E:L21F,ORF1a:R207C,ORF3a:I35T,ORF8:V114F;;N/A;N/A;N/A;N/A;N/A;N/A;N/A;N/A;N/A;N/A;;;3000;0;good;0;10;0;good;0;24;2;8.333333;good;10;;0;good;0;;0;;0;0;good;;0;0;good;0;;;;
7;MZ054863.1 Severe acute respiratory syndrome coronavirus 2 isolate SARS-CoV-2/human/LBY/BTRC Libya SARS-CoV-2 WGS-7/2021, complete genome;21D;21D (Eta);Eta;21D;B.1.525;B.1.525;6.250000;good;31;73;0;0;0;0;18;8;0;0;89053;33;29845;0.9969902685349296;false;C241T,C884T,C1498T,A1807G,C2450T,G2659A,C3037T,C6285T,C8290T,T8593C,C9565T,C9891T,C14407T,C14408T,C18171T,A20724G,A21717G,C21762T,G23012A,A23403G,G23593C,G24000T,T24224C,C24748T,G25793T,C26305T,T26767C,C28308G,A28699G,C28887T,G29543T;11288-11296,21765-21770,21992-21994,27205-27207,28278-28280,29728-29776;;;E:L21F,M:I82T,N:D3Y,N:A12G,N:T205I,ORF1a:R207C,ORF1a:T2007I,ORF1a:A3209V,ORF1b:P314F,ORF3a:R134L,ORF9b:H9D,S:Q52R,S:A67V,S:E484K,S:D614G,S:Q677H,S:S813I,S:F888L;N:S2-,ORF1a:S3675-,ORF1a:G3676-,ORF1a:F3677-,ORF6:F2-,S:H69-,S:V70-,S:Y144-;;;C9891T|21I&21A,C26305T|21D;C884T,C2450T,C8290T,G24000T,G25793T;0;2;5;7;;B.1.525;C884T,C2450T,C8290T,C9891T,G24000T,G25793T,C26305T;29728-29776;E:L21F,ORF1a:R207C,ORF1a:A3209V,ORF3a:R134L,S:S813I;;B.1.525;C884T,C2450T,C8290T,C9891T,G24000T,G25793T,C26305T;29728-29776;E:L21F,ORF1a:R207C,ORF1a:A3209V,ORF3a:R134L,S:S813I;;N/A;N/A;N/A;N/A;N/A;N/A;N/A;N/A;N/A;N/A;;;3000;0;good;0;10;0;good;0;24;6;25;good;14;;0;good;0;;0;;0;0;good;;0;0;good;0;;;;
8;OW444422.1 Severe acute respiratory syndrome coronavirus 2 isolate SARS-CoV-2 2019-nCoV_Muc-IMB1_3.Vero-E6 in hamster H.310 genome assembly, complete genome: monopartite;20A;20A;;20A;B.1;B.1;0;good;4;0;0;0;0;0;2;0;0;0;89585;19;29885;0.9987961074139718;false;C241T,C3037T,A23403G,C26895T;;;;M:H125Y,S:D614G;;;T14408C;;C26895T;1;0;1;2;;NODE_0000469;T14408C,C26895T;;M:H125Y,ORF1b:L314P;;NODE_0000469;T14408C,C26895T;;M:H125Y,ORF1b:L314P;;N/A;N/A;N/A;N/A;N/A;N/A;N/A;N/A;N/A;N/A;;;3000;0;good;0;10;0;good;0;24;-1;0;good;7;;0;good;0;;0;;0;0;good;;0;0;good;0;;;;
6;MZ054864.1 Severe acute respiratory syndrome coronavirus 2 isolate SARS-CoV-2/human/LBY/BTRC Libya SARS-CoV-2 WGS-8/2021, complete genome;20I;20I (Alpha);Alpha;20I;B.1.1.7;B.1.1.7;21.006944;good;36;19;0;0;0;0;22;6;0;0;89210;33;29845;0.9969902685349296;false;C241T,C884T,C913T,C3037T,C3267T,C5388A,C5944T,C5986T,T6954C,C7431T,C7765T,C14408T,C14676T,T15096C,C15279T,T16176C,A23063T,C23271A,A23403G,G23593C,C23604A,C23709T,T24506G,G24914C,T25209C,C27972T,A28095T,A28111G,G28280C,A28281T,T28282A,G28881A,G28882A,G28883C,G28884C,C28977T;11288-11296,21765-21770,21992-21994,28271;;;N:D3L,N:R203K,N:G204P,N:S235F,ORF1a:R207C,ORF1a:T1001I,ORF1a:A1708D,ORF1a:I2230T,ORF1a:S2389L,ORF1b:P314L,ORF8:Q27*,ORF8:K68*,ORF8:Y73C,S:N501Y,S:A570D,S:D614G,S:Q677H,S:P681H,S:T716I,S:S982A,S:D1118H,S:I1216T;ORF1a:S3675-,ORF1a:G3676-,ORF1a:F3677-,S:H69-,S:V70-,S:Y144-;;T28048G;G23593C|21D,G28884C|24C&24F;C884T,C5944T,C7431T,C7765T,T25209C;1;2;5;8;;NODE_0000661;C884T,C5944T,C7431T,C7765T,T15096C,G23593C,T25209C,T28048G,A28095T,G28884C;;N:R204P,ORF1a:R207C,ORF1a:S2389L,ORF8:I52R,ORF8:K68*,S:Q677H,S:I1216T;;NODE_0000661;C884T,C5944T,C7431T,C7765T,T15096C,G23593C,T25209C,T28048G,A28095T,G28884C;;N:R204P,ORF1a:R207C,ORF1a:S2389L,ORF8:I52R,ORF8:K68*,S:Q677H,S:I1216T;;N/A;N/A;N/A;N/A;N/A;N/A;N/A;N/A;N/A;N/A;;;3000;0;good;0;10;0;good;0;24;11;45.833333;mediocre;19;;0;good;0;;0;;0;0;good;;0;0;good;0;;;;
9;OW444299.1 Severe acute respiratory syndrome coronavirus 2 isolate SARS-CoV-2 2019-nCoV_Muc-IMB1_3.Vero-E6 in hamster H.318 genome assembly, complete genome: monopartite;20A;20A;;20A;B.1;B.1;0;good;4;0;0;0;0;0;1;0;0;0;89618;9;29886;0.9991639634819249;false;C241T,C3037T,T11647C,A23403G;;;;S:D614G;;;T14408C;;T11647C;1;0;1;2;;NODE_0000469;T11647C,T14408C;;ORF1b:L314P;;NODE_0000469;T11647C,T14408C;;ORF1b:L314P;;N/A;N/A;N/A;N/A;N/A;N/A;N/A;N/A;N/A;N/A;;;3000;0;good;0;10;0;good;0;24;-1;0;good;7;;0;good;0;;0;;0;0;good;;0;0;good;0;;;;
10;OV054768.1 Severe acute respiratory syndrome coronavirus 2 isolate SARS-CoV-2 B.1.1.7 NW-RKI-I-0026/2020 passage 3 genome assembly, complete genome: monopartite;20I;20I (Alpha);Alpha;20I;B.1.1.7;B.1.1.7;0;good;32;19;0;0;0;0;19;6;0;0;89397;1;29870;0.9988964317961408;false;C241T,C913T,C3037T,C3267T,C5388A,C5944T,C5986T,T6954C,C14408T,C14676T,T15096C,C15279T,T16176C,A23063T,C23271A,A23403G,C23604A,C23709T,T24506G,G24914C,C27972T,G28048T,A28095T,A28111G,G28280C,A28281T,T28282A,G28881A,G28882A,G28883C,G28884C,C28977T;11288-11296,21765-21770,21992-21994,28271;;;N:D3L,N:R203K,N:G204P,N:S235F,ORF1a:T1001I,ORF1a:A1708D,ORF1a:I2230T,ORF1b:P314L,ORF8:Q27*,ORF8:R52I,ORF8:K68*,ORF8:Y73C,S:N501Y,S:A570D,S:D614G,S:P681H,S:T716I,S:S982A,S:D1118H;ORF1a:S3675-,ORF1a:G3676-,ORF1a:F3677-,S:H69-,S:V70-,S:Y144-;;;G28884C|24C&24F;C5944T;0;1;1;2;;NODE_0000661;C5944T,T15096C,A28095T,G28884C;;N:R204P,ORF8:K68*;;NODE_0000661;C5944T,T15096C,A28095T,G28884C;;N:R204P,ORF8:K68*;;N/A;N/A;N/A;N/A;N/A;N/A;N/A;N/A;N/A;N/A;;;3000;0;good;0;10;0;good;0;24;-3;0;good;5;;0;good;0;;0;;0;0;good;;0;0;good;0;;;;
11;PV289946.1 Severe acute respiratory syndrome coronavirus 2 isolate SARS-CoV-2/human/USA/LA-EVTL23535/2025, complete genome;24F;24F (XEC);;24F;XEC;XEC;29.340278;good;115;30;0;0;210;0;83;13;0;58;88749;23;29871;0.9911714543691268;false;C241T,T670G,C897A,G2060A,C2790T,C3037T,G3431T,T3565C,G4184A,A6183G,C6539T,A7842G,A8072G,C8293T,G8393A,C9344T,A9424G,C9534T,C10029T,C10198T,G10447A,C10449A,G11042T,T11296G,G11727A,C12789T,C12815T,C12880T,T13339C,C14408T,C15714T,T15756A,G16636T,C17410T,C17999T,C18131T,A18163G,A18492G,C18657T,C18894T,C19716T,C19955T,A20055G,C20233A,C21618T,C21622T,G21624C,C21627A,C21711T,T21738C,G21941T,G21987A,T22032C,C22033A,A22034G,T22200G,C22208T,C22295A,C22353A,A22556G,G22577C,G22578A,A22629C,C22674T,T22679C,C22686T,A22688G,G22770A,G22775A,A22786C,G22813T,T22942A,G23222A,C23271T,A23403G,C23423T,C23525T,T23599G,C23604G,C23854A,G23948T,A24424T,T24469A,C24865T,G24872T,C24990T,C25000T,C25006T,C25207T,C25584T,C26060T,C26270T,G26529C,C26577G,A26610G,C26681T,G26709A,C26833T,C26858T,A27259C,G27382C,A27383T,T27384C,C27807T,T27810C,A28271T,C28291A,C28311T,G28881A,G28882A,G28883C,G28884C,C28958A,T29161C,A29510C;21633-21641,21765-21770,21992-21994,22194-22196,28362-28370;;;E:T9I,M:D3H,M:Q19E,M:T30A,M:A63T,M:A104V,N:P13L,N:R203K,N:G204P,N:Q229K,N:S413R,ORF1a:S135R,ORF1a:A211D,ORF1a:A599T,ORF1a:T842I,ORF1a:V1056L,ORF1a:G1307S,ORF1a:K1973R,ORF1a:H2092Y,ORF1a:N2526S,ORF1a:N2603D,ORF1a:A2710T,ORF1a:L3027F,ORF1a:T3090I,ORF1a:T3255I,ORF1a:P3395H,ORF1a:V3593F,ORF1a:F3677L,ORF1a:R3821K,ORF1a:T4175I,ORF1b:P314L,ORF1b:A1057S,ORF1b:R1315C,ORF1b:T1511I,ORF1b:T1555I,ORF1b:I1566V,ORF1b:T2163I,ORF1b:P2256T,ORF3a:T223I,ORF6:D61L,ORF7b:F19L,ORF9b:P3H,ORF9b:P10S,S:T19I,S:R21T,S:T22N,S:A27S,S:S50L,S:F59S,S:V127F,S:G142D,S:F157S,S:R158G,S:L212I,S:V213G,S:L216F,S:H245N,S:A264D,S:I332V,S:G339H,S:K356T,S:S371F,S:S373P,S:S375F,S:T376A,S:R403K,S:D405N,S:R408S,S:K417N,S:N460K,S:E554K,S:A570V,S:D614G,S:P621S,S:H655Y,S:N679K,S:P681R,S:N764K,S:D796Y,S:Q954H,S:N969K,S:V1104L,S:P1143L;N:E31-,N:R32-,N:S33-,ORF9b:E27-,ORF9b:N28-,ORF9b:A29-,S:L24-,S:P25-,S:P26-,S:H69-,S:V70-,S:Y144-,S:N211-;;T4321C,T24378C;;C6539T,A8072G,-11296G,G16636T,C17999T,C18131T,C20233A,C24865T,T29161C;2;0;9;11;199-215,219-236,250-258,22878-22934,22983-23075,23080-23095;internal_XEC;T4321C,C6539T,A8072G,-11296G,G16636T,C17999T,C18131T,C20233A,T24378C,C24865T,T29161C;;ORF1a:H2092Y,ORF1a:N2603D,ORF1a:-3675S,ORF1a:-3676G,ORF1a:-3677L,ORF1b:A1057S,ORF1b:T1511I,ORF1b:T1555I,ORF1b:P2256T,S:F939S;;internal_XEC;T4321C,C6539T,A8072G,-11296G,G16636T,C17999T,C18131T,C20233A,T24378C,C24865T,T29161C;;ORF1a:H2092Y,ORF1a:N2603D,ORF1a:-3675S,ORF1a:-3676G,ORF1a:-3677L,ORF1b:A1057S,ORF1b:T1511I,ORF1b:T1555I,ORF1b:P2256T,S:F939S;;JN.1;T44C,G2060A,T4321C,C6539T,A8072G,-11296G,G16636T,C17999T,C18131T,C18657T,C19716T,C20233A,C21627A,T21738C,T24378C,C24865T,G24872T,C25006T,C28291A,G28884C,T29161C;;N:R204P,ORF1a:A599T,ORF1a:H2092Y,ORF1a:N2603D,ORF1a:-3675S,ORF1a:-3676G,ORF1a:-3677L,ORF1b:A1057S,ORF1b:T1511I,ORF1b:T1555I,ORF1b:P2256T,ORF9b:P3H,S:T22N,S:F59S,S:F939S,S:V1104L;;N/A;N/A;N/A;N/A;N/A;S:439-458,S:474-511;;3000;0;good;210;10;0;good;0;24;13;54.166667;mediocre;21;;0;good;0;;0;;0;0;good;;0;0;good;0;;;;
13;PV289565.1 Severe acute respiratory syndrome coronavirus 2 isolate SARS-CoV-2/human/USA/NY-NYCPHL-019712/2025, complete genome;recombinant;recombinant;recombinant;recombinant;XEK;XEK;0;good;135;68;0;0;0;0;96;17;0;0;88484;79;29840;0.9952847540380564;false;C241T,C593T,T670G,C897A,C2790T,C3037T,G3431T,C3505T,T3565C,G4184A,C4321T,T5701C,A6183G,C7113T,A7842G,C8293T,G8393A,C9286T,C9344T,A9424G,C9534T,C10029T,C10198T,G10447A,C10449A,G11042T,G11727A,C12789T,C12815T,C12880T,T13339C,C14408T,C15714T,T15756A,C17410T,A18163G,A18492G,C18657T,C18894T,C19716T,C19955T,A20055G,C21618T,C21622T,G21624C,C21627A,C21711T,T21738C,G21941T,G21987A,T22032C,C22033A,A22034G,T22200G,C22208T,C22295A,C22353A,A22556G,G22577C,G22578A,A22629C,C22674T,T22679C,C22686T,A22688G,G22770A,G22775A,A22786C,G22813T,T22882G,G22895C,T22896A,G22898A,A22910G,C22916T,T22917G,T22926C,T22928C,T22942A,G22992A,C22995A,T23005A,G23012A,T23018C,T23019C,C23039G,A23055G,A23063T,T23075C,G23222A,C23271T,A23403G,C23423T,C23525T,T23599G,C23604G,G23755C,C23854A,G23948T,T24229A,C24378T,A24424T,T24469A,G24872T,C24990T,C25000T,C25006T,C25207T,C25584T,C26060T,C26270T,G26529C,C26577G,A26610G,C26681T,G26709A,C26833T,C26858T,A27259C,G27382C,A27383T,T27384C,C27807T,T27810C,C28253T,A28254C,A28271T,C28291A,C28311T,G28881A,G28882A,G28883C,G28884C,C28958A,A29510C;11288-11296,21633-21641,21765-21770,21992-21994,22194-22196,23009-23011,28362-28370,29734-29759;;;E:T9I,M:D3H,M:Q19E,M:T30A,M:A63T,M:A104V,N:P13L,N:R203K,N:G204P,N:Q229K,N:S413R,ORF1a:H110Y,ORF1a:S135R,ORF1a:A211D,ORF1a:T842I,ORF1a:V1056L,ORF1a:G1307S,ORF1a:K1973R,ORF1a:T2283I,ORF1a:N2526S,ORF1a:A2710T,ORF1a:L3027F,ORF1a:T3090I,ORF1a:T3255I,ORF1a:P3395H,ORF1a:V3593F,ORF1a:R3821K,ORF1a:T4175I,ORF1b:P314L,ORF1b:R1315C,ORF1b:I1566V,ORF1b:T2163I,ORF3a:T223I,ORF6:D61L,ORF7b:F19L,ORF8:I121L,ORF9b:P3H,ORF9b:P10S,S:T19I,S:R21T,S:T22N,S:A27S,S:S50L,S:F59S,S:V127F,S:G142D,S:F157S,S:R158G,S:L212I,S:V213G,S:L216F,S:H245N,S:A264D,S:I332V,S:G339H,S:K356T,S:S371F,S:S373P,S:S375F,S:T376A,S:R403K,S:D405N,S:R408S,S:K417N,S:N440K,S:V445H,S:G446S,S:N450D,S:L452W,S:L455S,S:F456L,S:N460K,S:S477N,S:T478K,S:N481K,S:E484K,S:F486P,S:Q493E,S:Q498R,S:N501Y,S:Y505H,S:E554K,S:A570V,S:D614G,S:P621S,S:H655Y,S:N679K,S:P681R,S:M731I,S:N764K,S:D796Y,S:S939F,S:Q954H,S:N969K,S:V1104L,S:P1143L;N:E31-,N:R32-,N:S33-,ORF1a:S3675-,ORF1a:G3676-,ORF1a:F3677-,ORF9b:E27-,ORF9b:N28-,ORF9b:A29-,S:L24-,S:P25-,S:P26-,S:H69-,S:V70-,S:Y144-,S:N211-,S:V483-;;;C28253T|20H&21G;G23755C,T24229A,A28254C;0;1;3;4;;internal_XEK;G23755C,T24229A,C28253T,A28254C;;ORF8:I121L,S:M731I;;internal_XEK;G23755C,T24229A,C28253T,A28254C;;ORF8:I121L,S:M731I;;JN.1;C593T,C3505T,T5701C,C7113T,C9286T,C18657T,C19716T,C21627A,T21738C,T22928C,C23039G,G23755C,T24229A,G24872T,C25006T,C28253T,A28254C,C28291A,G28884C;;N:R204P,ORF1a:H110Y,ORF1a:T2283I,ORF8:I121L,ORF9b:P3H,S:T22N,S:F59S,S:F456L,S:Q493E,S:M731I,S:V1104L;;XBB.1.5;G405A,C593T,C897A,G3431T,C3505T,T3565C,T5701C,A6183G,C7113T,A7842G,C8293T,G8393A,C9286T,T9866C,G11042T,G11727A,C12789T,C12815T,T13339C,A15451G,T15738C,T15756A,C15939T,C16342T,C17859T,A18492G,C18657T,C18894T,G19326A,C19716T,C21622T,G21624C,C21627A,C21711T,T21738C,C21810T,G21941T,A22000C,T22032C,C22033A,A22034G,G22109C,A22200G,C22208T,C22295A,T22317G,C22353A,A22556G,C22599G,A22629C,A22664C,G22770A,C22896A,A22910G,C22916T,T22917G,T22926C,T22928C,G22942A,T23005A,G23012A,C23013A,C23031T,C23039G,G23222A,C23271T,C23423T,A23604G,G23755C,T24229A,C24378T,G24872T,C24990T,C25006T,C25207T,T25416C,G26275A,G26529C,A26610G,C26681T,C26833T,T27810C,T27915G,C28253T,A28254C,C28291A,G28884C,C28958A;21765-21770,22194-22196,23009-23011;E:A11T,M:D3H,M:T30A,M:A104V,N:R204P,N:Q229K,ORF1a:R47K,ORF1a:H110Y,ORF1a:A211D,ORF1a:V1056L,ORF1a:K1973R,ORF1a:T2283I,ORF1a:N2526S,ORF1a:A2710T,ORF1a:F3201L,ORF1a:V3593F,ORF1a:R3821K,ORF1a:T4175I,ORF1b:S662G,ORF1b:P959S,ORF7b:F19L,ORF8:*8G,ORF8:I121L,ORF9b:P3H,S:R21T,S:T22N,S:S50L,S:F59S,S:A83V,S:V127F,S:Q146H,S:F157S,S:R158G,S:E183Q,S:L212I,S:E213G,S:L216F,S:H245N,S:V252G,S:A264D,S:I332V,S:T346R,S:K356T,S:I368L,S:R403K,S:P445H,S:N450D,S:L452W,S:L455S,S:F456L,S:N481K,S:A484K,S:S490F,S:Q493E,S:E554K,S:A570V,S:P621S,S:H681R,S:M731I,S:S939F,S:V1104L,S:P1143L;S:H69-,S:V70-,S:N211-,S:V483-;;;3000;0;good;0;10;0;good;0;24;-1;0;good;7;;0;good;0;;0;;0;0;good;;0;0;good;0;;;;
12;PV289566.1 Severe acute respiratory syndrome coronavirus 2 isolate SARS-CoV-2/human/USA/NY-NYCPHL-019713/2025, complete genome;24H;24H (LF.7);Omicron;24H;BA.2.86.1.1.16.1.7.2;LF.7.2;0;good;135;68;0;0;0;0;96;17;0;0;88484;79;29840;0.9952847540380564;false;C241T,T670G,C897A,C2790T,C3037T,G3431T,T3565C,G4184A,C4321T,C5239T,A6183G,A7842G,C7869T,C8293T,G8393A,C8818T,C9344T,A9424G,C9534T,C10029T,C10198T,G10447A,C10449A,G11042T,G11727A,C12789T,C12815T,C12880T,G12892A,T13339C,C14408T,C15714T,T15756A,C16293T,T16600C,C17410T,C17745T,A18163G,A18492G,C18894T,C19955T,A20055G,T20799C,C21618T,C21622T,G21624C,C21627A,T21653C,C21711T,G21941T,G21987A,T22032C,C22033A,A22034G,A22107G,G22132T,T22200G,C22208T,C22295A,C22353A,A22556G,G22577C,G22578A,G22599C,A22629C,C22674T,T22679C,C22686T,A22688G,G22770A,G22775A,A22786C,C22792T,G22813T,T22882G,A22893G,G22895C,T22896A,G22898A,A22910G,C22916T,T22917G,T22926C,T22928C,T22942A,G22992A,C22993T,C22995A,T23005A,G23012A,T23018C,T23019C,A23055G,A23063T,T23075C,G23222A,C23271T,A23403G,C23423T,C23525T,T23599G,C23604G,C23854A,G23948T,C24378T,A24424T,T24469A,C24990T,C25000T,C25207T,C25584T,C26060T,C26270T,G26529C,C26577G,A26610G,C26681T,G26709A,C26833T,C26858T,A27259C,G27382C,A27383T,T27384C,C27807T,T27810C,C28054T,A28271T,T28297C,C28311T,G28881A,G28882A,G28883C,C28958A,A29510C;11288-11296,21633-21641,21765-21770,21992-21994,22194-22196,23009-23011,28362-28370,29734-29759;;;E:T9I,M:D3H,M:Q19E,M:T30A,M:A63T,M:A104V,N:P13L,N:R203K,N:G204R,N:Q229K,N:S413R,ORF1a:S135R,ORF1a:A211D,ORF1a:T842I,ORF1a:V1056L,ORF1a:G1307S,ORF1a:K1973R,ORF1a:N2526S,ORF1a:S2535L,ORF1a:A2710T,ORF1a:L3027F,ORF1a:T3090I,ORF1a:T3255I,ORF1a:P3395H,ORF1a:V3593F,ORF1a:R3821K,ORF1a:T4175I,ORF1b:P314L,ORF1b:R1315C,ORF1b:I1566V,ORF1b:T2163I,ORF3a:T223I,ORF6:D61L,ORF7b:F19L,ORF8:S54L,ORF9b:I5T,ORF9b:P10S,S:T19I,S:R21T,S:T22N,S:A27S,S:S31P,S:S50L,S:V127F,S:G142D,S:F157S,S:R158G,S:K182R,S:R190S,S:L212I,S:V213G,S:L216F,S:H245N,S:A264D,S:I332V,S:G339H,S:R346T,S:K356T,S:S371F,S:S373P,S:S375F,S:T376A,S:R403K,S:D405N,S:R408S,S:K417N,S:N440K,S:K444R,S:V445H,S:G446S,S:N450D,S:L452W,S:L455S,S:F456L,S:N460K,S:S477N,S:T478K,S:N481K,S:E484K,S:F486P,S:Q498R,S:N501Y,S:Y505H,S:E554K,S:A570V,S:D614G,S:P621S,S:H655Y,S:N679K,S:P681R,S:N764K,S:D796Y,S:S939F,S:Q954H,S:N969K,S:P1143L;N:E31-,N:R32-,N:S33-,ORF1a:S3675-,ORF1a:G3676-,ORF1a:F3677-,ORF9b:E27-,ORF9b:N28-,ORF9b:A29-,S:L24-,S:P25-,S:P26-,S:H69-,S:V70-,S:Y144-,S:N211-,S:V483-;;;;C16293T,C17745T,C28054T;0;0;3;3;;NODE_0001236;C16293T,C17745T,T20799C,C28054T;;ORF8:S54L;;internal_88bb58d4;C16293T,C17745T,C28054T;;ORF8:S54L;;JN.1;C5239T,C7869T,C8818T,G12892A,C16293T,T16600C,C17745T,T20799C,C21627A,T21653C,A22107G,G22132T,G22599C,C22792T,A22893G,T22928C,C22993T,C28054T,T28297C;;ORF1a:S2535L,ORF8:S54L,ORF9b:I5T,S:T22N,S:S31P,S:K182R,S:R190S,S:R346T,S:K444R,S:F456L;;N/A;N/A;N/A;N/A;N/A;;;3000;0;good;0;10;0;good;0;24;-5;0;good;3;;0;good;0;;0;;0;0;good;;0;0;good;0;;;;
14;PV289564.1 Severe acute respiratory syndrome coronavirus 2 isolate SARS-CoV-2/human/USA/NY-NYCPHL-019711/2025, complete genome;25A;25A (LP.8.1);Omicron;25A;BA.2.86.1.1.11.1.1.1.3.8.1.4;LP.8.1.4;0;good;133;71;0;0;45;0;96;18;0;15;88431;79;29840;0.9937798883055212;false;C241T,T670G,C897A,G1954A,C2790T,C3037T,G3431T,T3565C,G4184A,C4321T,C4999T,A6183G,C6255T,T6547C,C7113T,A7842G,C8293T,G8393A,C9344T,A9424G,C9534T,C10029T,C10198T,G10447A,C10449A,G11042T,G11727A,C12789T,C12815T,C12880T,T13339C,C14408T,C15714T,T15756A,C16111T,C16308T,G17334T,C17410T,A18163G,A18492G,C18894T,C19955T,A20055G,C21618T,C21622T,G21624C,C21711T,G21941T,G21987A,T22032C,C22033A,A22034G,C22120A,G22132T,T22200G,C22208T,C22295A,C22353A,A22556G,G22577C,G22578A,G22599C,A22629C,C22674T,T22679C,C22686T,A22688G,G22770A,G22775A,A22786C,G22813T,T22882G,G22895C,T22896G,G22898A,A22910G,C22916T,T22917G,T22926C,T22928C,T22942A,G22992A,C22995A,T23005A,G23012A,T23018C,T23019C,C23039G,A23055G,A23063T,T23075C,G23222A,C23271T,A23403G,C23423T,C23525T,T23599G,C23604G,C23854A,G23948T,C24378T,A24424T,T24469A,A24819G,G24872T,C24990T,C25000T,C25207T,C25416T,C25584T,C25925T,C26060T,C26270T,G26529C,C26577G,A26610G,C26681T,G26709A,C26833T,C26858T,A27259C,G27382C,A27383T,T27384C,C27807T,T27810C,A28271T,C28311T,G28881A,G28882A,G28883C,C28958A,A29510C;11288-11296,21633-21641,21653-21655,21765-21770,21992-21994,22194-22196,23009-23011,28362-28370,29734-29759;;;E:T9I,M:D3H,M:Q19E,M:T30A,M:A63T,M:A104V,N:P13L,N:R203K,N:G204R,N:Q229K,N:S413R,ORF1a:S135R,ORF1a:A211D,ORF1a:T842I,ORF1a:V1056L,ORF1a:G1307S,ORF1a:K1973R,ORF1a:A1997V,ORF1a:T2283I,ORF1a:N2526S,ORF1a:A2710T,ORF1a:L3027F,ORF1a:T3090I,ORF1a:T3255I,ORF1a:P3395H,ORF1a:V3593F,ORF1a:R3821K,ORF1a:T4175I,ORF1b:P314L,ORF1b:R1315C,ORF1b:I1566V,ORF1b:T2163I,ORF3a:P178L,ORF3a:T223I,ORF6:D61L,ORF7b:F19L,ORF9b:P10S,S:T19I,S:R21T,S:A27S,S:S50L,S:V127F,S:G142D,S:F157S,S:R158G,S:F186L,S:R190S,S:L212I,S:V213G,S:L216F,S:H245N,S:A264D,S:I332V,S:G339H,S:R346T,S:K356T,S:S371F,S:S373P,S:S375F,S:T376A,S:R403K,S:D405N,S:R408S,S:K417N,S:N440K,S:V445R,S:G446S,S:N450D,S:L452W,S:L455S,S:F456L,S:N460K,S:S477N,S:T478K,S:N481K,S:E484K,S:F486P,S:Q493E,S:Q498R,S:N501Y,S:Y505H,S:E554K,S:A570V,S:D614G,S:P621S,S:H655Y,S:N679K,S:P681R,S:N764K,S:D796Y,S:S939F,S:Q954H,S:N969K,S:K1086R,S:V1104L,S:P1143L;N:E31-,N:R32-,N:S33-,ORF1a:S3675-,ORF1a:G3676-,ORF1a:F3677-,ORF9b:E27-,ORF9b:N28-,ORF9b:A29-,S:L24-,S:P25-,S:P26-,S:S31-,S:H69-,S:V70-,S:Y144-,S:N211-,S:V483-;;;C25416T|23A&22C&23F&23D&23B&22D&22F&23C&23E&23H&rec&23G;T6547C,C16111T;0;1;2;3;16496-16509,16617-16647;internal_9c49ced2;T6547C,C16111T,C16308T,C25416T;;;;LP.8.1.4;T6547C,C16111T,C25416T;;;;JN.1;G1954A,C4999T,C6255T,T6547C,C7113T,C16111T,C16308T,G17334T,C22120A,G22132T,G22599C,A22896G,T22928C,C23039G,A24819G,G24872T,C25416T,C25925T;21653-21655;ORF1a:A1997V,ORF1a:T2283I,ORF3a:P178L,S:F186L,S:R190S,S:R346T,S:H445R,S:F456L,S:Q493E,S:K1086R,S:V1104L;S:S31-;N/A;N/A;N/A;N/A;N/A;ORF1b:1010-1014,ORF1b:1051-1060;;3000;0;good;45;10;0;good;0;24;-2;0;good;6;;0;good;0;;0;;0;0;good;;0;0;good;0;;;;
17;PV289558.1 Severe acute respiratory syndrome coronavirus 2 isolate SARS-CoV-2/human/USA/NY-NYCPHL-019705/2025, complete genome;24E;24E (KP.3.1.1);Omicron;24E;BA.2.86.1.1.11.1.3.1.1.10.1.6;MC.10.1.6;0;good;133;71;0;0;0;0;97;18;0;0;88476;79;29840;0.9952847540380564;false;C241T,T670G,C897A,G2144T,C2790T,C3037T,G3431T,T3565C,G4184A,C4321T,A6183G,C7113T,A7842G,C8293T,G8393A,C9344T,A9424G,C9534T,C10029T,C10198T,G10447A,C10449A,C11001T,G11042T,G11727A,C12616T,C12789T,C12815T,G12832A,C12880T,A13121T,T13339C,C14408T,G15372T,C15714T,T15756A,C16332T,G17334T,C17410T,A18163G,A18492G,C18894T,A19722G,C19955T,A20055G,C21618T,C21622T,G21624C,C21711T,G21941T,G21987A,T22032C,C22033A,A22034G,T22200G,C22208T,C22295A,C22353A,A22556G,G22577C,G22578A,G22599C,A22629C,C22674T,T22679C,C22686T,A22688G,G22770A,G22775A,A22786C,G22813T,G22865T,T22882G,G22895C,T22896A,G22898A,A22910G,C22916T,T22917G,T22926C,T22928C,T22942A,G22992A,C22995A,T23005A,G23012A,T23018C,T23019C,C23039G,A23055G,A23063T,T23075C,G23222A,C23271T,A23403G,C23423T,C23525T,T23599G,C23604G,C23854A,G23948T,C24378T,A24424T,T24469A,G24872T,C24990T,C25000T,C25207T,G25352T,C25584T,C26060T,C26270T,G26529C,C26577G,A26610G,C26681T,G26709A,C26833T,C26858T,A27259C,G27382C,A27383T,T27384C,C27807T,T27810C,A28271T,C28311T,G28423A,G28881A,G28882A,G28883C,C28958A,A29510C;11288-11296,21633-21641,21653-21655,21765-21770,21992-21994,22194-22196,23009-23011,28362-28370,29734-29759;;;E:T9I,M:D3H,M:Q19E,M:T30A,M:A63T,M:A104V,N:P13L,N:R203K,N:G204R,N:Q229K,N:S413R,ORF1a:S135R,ORF1a:A211D,ORF1a:V627F,ORF1a:T842I,ORF1a:V1056L,ORF1a:G1307S,ORF1a:K1973R,ORF1a:T2283I,ORF1a:N2526S,ORF1a:A2710T,ORF1a:L3027F,ORF1a:T3090I,ORF1a:T3255I,ORF1a:P3395H,ORF1a:T3579I,ORF1a:V3593F,ORF1a:R3821K,ORF1a:T4175I,ORF1a:S4286C,ORF1b:P314L,ORF1b:R1315C,ORF1b:I1566V,ORF1b:T2163I,ORF3a:T223I,ORF6:D61L,ORF7b:F19L,ORF9b:P10S,ORF9b:R47H,S:T19I,S:R21T,S:A27S,S:S50L,S:V127F,S:G142D,S:F157S,S:R158G,S:L212I,S:V213G,S:L216F,S:H245N,S:A264D,S:I332V,S:G339H,S:R346T,S:K356T,S:S371F,S:S373P,S:S375F,S:T376A,S:R403K,S:D405N,S:R408S,S:K417N,S:A435S,S:N440K,S:V445H,S:G446S,S:N450D,S:L452W,S:L455S,S:F456L,S:N460K,S:S477N,S:T478K,S:N481K,S:E484K,S:F486P,S:Q493E,S:Q498R,S:N501Y,S:Y505H,S:E554K,S:A570V,S:D614G,S:P621S,S:H655Y,S:N679K,S:P681R,S:N764K,S:D796Y,S:S939F,S:Q954H,S:N969K,S:V1104L,S:P1143L,S:V1264L;N:E31-,N:R32-,N:S33-,ORF1a:S3675-,ORF1a:G3676-,ORF1a:F3677-,ORF9b:E27-,ORF9b:N28-,ORF9b:A29-,S:L24-,S:P25-,S:P26-,S:S31-,S:H69-,S:V70-,S:Y144-,S:N211-,S:V483-;;;;G2144T,C11001T,G12832A,G25352T;0;0;4;4;;NODE_0001318;G2144T,C11001T,G12832A,C16332T,G22599C,G22865T,G25352T,G28423A;;ORF1a:V627F,ORF1a:T3579I,ORF9b:R47H,S:R346T,S:A435S,S:V1264L;;MC.10.1.6;G2144T,C11001T,G12832A,G25352T;;ORF1a:V627F,ORF1a:T3579I,S:V1264L;;JN.1;G2144T,C7113T,C11001T,C12616T,G12832A,A13121T,G15372T,C16332T,G17334T,A19722G,G22599C,G22865T,T22928C,C23039G,G24872T,G25352T,G28423A;21653-21655;ORF1a:V627F,ORF1a:T2283I,ORF1a:T3579I,ORF1a:S4286C,ORF9b:R47H,S:R346T,S:A435S,S:F456L,S:Q493E,S:V1104L,S:V1264L;S:S31-;N/A;N/A;N/A;N/A;N/A;;;3000;0;good;0;10;0;good;0;24;-4;0;good;4;;0;good;0;;0;;0;0;good;;0;0;good;0;;;;
16;PV289559.1 Severe acute respiratory syndrome coronavirus 2 isolate SARS-CoV-2/human/USA/NY-NYCPHL-019706/2025, complete genome;24H;24H (LF.7);Omicron;24H;BA.2.86.1.1.16.1.7.7.1;LF.7.7.1;0;good;136;68;0;0;0;0;98;17;0;0;88480;79;29840;0.9952847540380564;false;C241T,T670G,C897A,C2790T,C3037T,G3431T,T3565C,G3939T,G4184A,C4321T,C5239T,A6183G,A7842G,C7869T,C8293T,G8393A,C8818T,C9344T,A9424G,C9534T,C10029T,C10198T,G10447A,C10449A,C10594T,G11042T,G11083T,G11727A,C12789T,C12815T,C12880T,G12892A,T13339C,C14408T,C15714T,T15756A,T16600C,C17410T,A18163G,A18492G,C18894T,C19955T,A20055G,C21618T,C21622T,G21624C,C21627A,T21653C,C21711T,G21941T,G21987A,T22032C,C22033A,A22034G,A22107G,G22132T,T22200G,C22208T,C22295A,C22353A,A22556G,G22577C,G22578A,G22599C,A22629C,C22674T,T22679C,C22686T,A22688G,G22770A,G22775A,A22786C,C22792T,G22813T,T22882G,A22893G,G22895C,T22896A,G22898A,A22910G,C22916T,T22917G,T22926C,T22928C,T22942A,G22992A,C22993T,C22995A,T23005A,G23012A,T23018C,T23019C,A23055G,A23063T,T23075C,G23222A,C23271T,C23277T,A23403G,C23423T,C23525T,T23599G,C23604G,C23854A,G23948T,C24378T,A24424T,T24469A,C24990T,C25000T,C25207T,C25584T,C26060T,C26270T,G26529C,C26577G,A26610G,C26681T,G26709A,C26833T,C26858T,A27259C,G27382C,A27383T,T27384C,C27807T,T27810C,A28271T,T28297C,C28311T,G28881A,G28882A,G28883C,C28958A,A29510C,G29759T;11288-11296,21633-21641,21765-21770,21992-21994,22194-22196,23009-23011,28362-28370,29733-29758;;;E:T9I,M:D3H,M:Q19E,M:T30A,M:A63T,M:A104V,N:P13L,N:R203K,N:G204R,N:Q229K,N:S413R,ORF1a:S135R,ORF1a:A211D,ORF1a:T842I,ORF1a:V1056L,ORF1a:R1225I,ORF1a:G1307S,ORF1a:K1973R,ORF1a:N2526S,ORF1a:S2535L,ORF1a:A2710T,ORF1a:L3027F,ORF1a:T3090I,ORF1a:T3255I,ORF1a:P3395H,ORF1a:V3593F,ORF1a:L3606F,ORF1a:R3821K,ORF1a:T4175I,ORF1b:P314L,ORF1b:R1315C,ORF1b:I1566V,ORF1b:T2163I,ORF3a:T223I,ORF6:D61L,ORF7b:F19L,ORF9b:I5T,ORF9b:P10S,S:T19I,S:R21T,S:T22N,S:A27S,S:S31P,S:S50L,S:V127F,S:G142D,S:F157S,S:R158G,S:K182R,S:R190S,S:L212I,S:V213G,S:L216F,S:H245N,S:A264D,S:I332V,S:G339H,S:R346T,S:K356T,S:S371F,S:S373P,S:S375F,S:T376A,S:R403K,S:D405N,S:R408S,S:K417N,S:N440K,S:K444R,S:V445H,S:G446S,S:N450D,S:L452W,S:L455S,S:F456L,S:N460K,S:S477N,S:T478K,S:N481K,S:E484K,S:F486P,S:Q498R,S:N501Y,S:Y505H,S:E554K,S:A570V,S:T572I,S:D614G,S:P621S,S:H655Y,S:N679K,S:P681R,S:N764K,S:D796Y,S:S939F,S:Q954H,S:N969K,S:P1143L;N:E31-,N:R32-,N:S33-,ORF1a:S3675-,ORF1a:G3676-,ORF1a:F3677-,ORF9b:E27-,ORF9b:N28-,ORF9b:A29-,S:L24-,S:P25-,S:P26-,S:H69-,S:V70-,S:Y144-,S:N211-,S:V483-;;;;G11083T;0;0;1;1;;NODE_0001236;G3939T,C10594T,G11083T,C23277T,-29759T;29733;ORF1a:R1225I,ORF1a:L3606F,S:T572I;;LF.7.7.1;G11083T;29733;ORF1a:L3606F;;JN.1;G3939T,C5239T,C7869T,C8818T,C10594T,G11083T,G12892A,T16600C,C21627A,T21653C,A22107G,G22132T,G22599C,C22792T,A22893G,T22928C,C22993T,C23277T,T28297C,-29759T;29733;ORF1a:R1225I,ORF1a:S2535L,ORF1a:L3606F,ORF9b:I5T,S:T22N,S:S31P,S:K182R,S:R190S,S:R346T,S:K444R,S:F456L,S:T572I;;N/A;N/A;N/A;N/A;N/A;;;3000;0;good;0;10;0;good;0;24;-6;0;good;2;;0;good;0;;0;;0;0;good;;0;0;good;0;;;;
15;PV289562.1 Severe acute respiratory syndrome coronavirus 2 isolate SARS-CoV-2/human/USA/NY-NYCPHL-019709/2025, complete genome;24H;24H (LF.7);Omicron;24H;BA.2.86.1.1.16.1.7;LF.7;2.777778;good;133;68;0;0;0;0;98;17;0;0;88492;79;29840;0.9952847540380564;false;C241T,G376T,T670G,C897A,C2790T,C3037T,G3431T,T3565C,C3809T,G4184A,C4321T,C5239T,A6183G,A7842G,C7869T,C8293T,G8393A,C8818T,C9344T,A9424G,C9534T,C10029T,C10198T,G10447A,C10449A,G11042T,G11727A,C12789T,C12815T,C12880T,G12892A,C14408T,C15714T,T15756A,T16600C,C17410T,A18163G,A18492G,C18894T,C19955T,A20055G,C21618T,C21622T,G21624C,C21627A,T21653C,C21711T,G21941T,G21987A,T22032C,C22033A,A22034G,A22107G,G22132T,T22200G,C22208T,C22295A,C22353A,A22556G,G22577C,G22578A,G22599C,A22629C,C22674T,T22679C,C22686T,A22688G,G22770A,G22775A,A22786C,C22792T,G22813T,T22882G,A22893G,G22895C,T22896A,G22898A,A22910G,C22916T,T22917G,T22926C,T22928C,T22942A,G22992A,C22993T,C22995A,T23005A,G23012A,T23018C,T23019C,A23055G,A23063T,T23075C,G23222A,C23271T,A23403G,C23423T,C23525T,T23599G,C23604G,C23673T,C23854A,G23948T,C24378T,A24424T,T24469A,C24990T,C25000T,C25207T,C25584T,C26060T,C26270T,G26529C,C26577G,A26610G,C26681T,G26709A,C26833T,C26858T,A27259C,G27382C,A27383T,T27384C,C27807T,T27810C,A28271T,T28297C,C28311T,G28881A,G28882A,G28883C,C28958A,A29510C;11288-11296,21633-21641,21765-21770,21992-21994,22194-22196,23009-23011,28362-28370,29734-29759;;;E:T9I,M:D3H,M:Q19E,M:T30A,M:A63T,M:A104V,N:P13L,N:R203K,N:G204R,N:Q229K,N:S413R,ORF1a:E37D,ORF1a:S135R,ORF1a:A211D,ORF1a:T842I,ORF1a:V1056L,ORF1a:L1182F,ORF1a:G1307S,ORF1a:K1973R,ORF1a:N2526S,ORF1a:S2535L,ORF1a:A2710T,ORF1a:L3027F,ORF1a:T3090I,ORF1a:T3255I,ORF1a:P3395H,ORF1a:V3593F,ORF1a:R3821K,ORF1a:T4175I,ORF1b:P314L,ORF1b:R1315C,ORF1b:I1566V,ORF1b:T2163I,ORF3a:T223I,ORF6:D61L,ORF7b:F19L,ORF9b:I5T,ORF9b:P10S,S:T19I,S:R21T,S:T22N,S:A27S,S:S31P,S:S50L,S:V127F,S:G142D,S:F157S,S:R158G,S:K182R,S:R190S,S:L212I,S:V213G,S:L216F,S:H245N,S:A264D,S:I332V,S:G339H,S:R346T,S:K356T,S:S371F,S:S373P,S:S375F,S:T376A,S:R403K,S:D405N,S:R408S,S:K417N,S:N440K,S:K444R,S:V445H,S:G446S,S:N450D,S:L452W,S:L455S,S:F456L,S:N460K,S:S477N,S:T478K,S:N481K,S:E484K,S:F486P,S:Q498R,S:N501Y,S:Y505H,S:E554K,S:A570V,S:D614G,S:P621S,S:H655Y,S:N679K,S:P681R,S:S704L,S:N764K,S:D796Y,S:S939F,S:Q954H,S:N969K,S:P1143L;N:E31-,N:R32-,N:S33-,ORF1a:S3675-,ORF1a:G3676-,ORF1a:F3677-,ORF9b:E27-,ORF9b:N28-,ORF9b:A29-,S:L24-,S:P25-,S:P26-,S:H69-,S:V70-,S:Y144-,S:N211-,S:V483-;;C13339T;C23673T|22C&23G;G376T,C3809T;1;1;2;4;;NODE_0001236;G376T,C3809T,C13339T,C23673T;;ORF1a:E37D,ORF1a:L1182F,S:S704L;;NODE_0001236;G376T,C3809T,C13339T,C23673T;;ORF1a:E37D,ORF1a:L1182F,S:S704L;;JN.1;G376T,C3809T,C5239T,C7869T,C8818T,G12892A,C13339T,T16600C,C21627A,T21653C,A22107G,G22132T,G22599C,C22792T,A22893G,T22928C,C22993T,C23673T,T28297C;;ORF1a:E37D,ORF1a:L1182F,ORF1a:S2535L,ORF9b:I5T,S:T22N,S:S31P,S:K182R,S:R190S,S:R346T,S:K444R,S:F456L,S:S704L;;N/A;N/A;N/A;N/A;N/A;;;3000;0;good;0;10;0;good;0;24;4;16.666667;good;12;;0;good;0;;0;;0;0;good;;0;0;good;0;;;;
18;PV289556.1 Severe acute respiratory syndrome coronavirus 2 isolate SARS-CoV-2/human/USA/NY-NYCPHL-019703/2025, complete genome;24H;24H (LF.7);Omicron;24H;BA.2.86.1.1.16.1.7.1.2.1;NT.1;0;good;141;68;0;0;38;0;100;17;0;13;88422;79;29840;0.9940139785305823;false;C121T,C241T,T670G,C897A,C1457T,C2790T,C3037T,T3265C,G3431T,T3565C,G4184A,C4321T,G4354A,C5239T,A6183G,C6310T,A7842G,C7869T,C7926T,C8293T,G8393A,C8818T,C9344T,A9424G,C9534T,C10029T,C10198T,G10447A,C10449A,G11042T,G11727A,C12789T,C12815T,C12880T,G12892A,C13115T,T13339C,C14408T,C15714T,T15756A,T16600C,C17410T,A18163G,A18492G,C18894T,C19955T,A20055G,C21618T,C21622T,G21624C,C21627A,T21653C,C21711T,G21941T,G21987A,T22032C,C22033A,A22034G,A22107G,G22132T,T22200G,C22208T,C22295A,C22353A,A22556G,G22577C,G22578A,G22599C,A22629C,C22674T,T22679C,C22686T,A22688G,G22770A,G22775A,A22786C,C22792T,G22813T,T22882G,A22893G,G22895C,T22896A,G22898A,A22910G,C22916T,T22917G,T22926C,T22928C,T22942A,C22986T,G22992A,C22993T,C22995A,T23005A,G23012A,T23018C,T23019C,A23055G,A23063T,T23075C,G23222A,C23271T,A23403G,C23423T,C23525T,T23599G,C23604G,C23854A,G23948T,C24378T,A24424T,T24469A,C24990T,C25000T,C25207T,C25584T,C26060T,C26270T,G26529C,G26550A,C26577G,A26610G,C26681T,G26709A,C26833T,C26858T,A27259C,G27382C,A27383T,T27384C,C27807T,T27810C,A28271T,T28297C,C28311T,G28881A,G28882A,G28883C,C28958A,C29409T,A29510C;11288-11296,21633-21641,21765-21770,21992-21994,22194-22196,23009-23011,28362-28370,29734-29759;;;E:T9I,M:D3H,M:V10I,M:Q19E,M:T30A,M:A63T,M:A104V,N:P13L,N:R203K,N:G204R,N:Q229K,N:T379I,N:S413R,ORF1a:S135R,ORF1a:A211D,ORF1a:R398C,ORF1a:T842I,ORF1a:V1056L,ORF1a:G1307S,ORF1a:K1973R,ORF1a:N2526S,ORF1a:S2535L,ORF1a:A2554V,ORF1a:A2710T,ORF1a:L3027F,ORF1a:T3090I,ORF1a:T3255I,ORF1a:P3395H,ORF1a:V3593F,ORF1a:R3821K,ORF1a:T4175I,ORF1b:P314L,ORF1b:R1315C,ORF1b:I1566V,ORF1b:T2163I,ORF3a:T223I,ORF6:D61L,ORF7b:F19L,ORF9b:I5T,ORF9b:P10S,S:T19I,S:R21T,S:T22N,S:A27S,S:S31P,S:S50L,S:V127F,S:G142D,S:F157S,S:R158G,S:K182R,S:R190S,S:L212I,S:V213G,S:L216F,S:H245N,S:A264D,S:I332V,S:G339H,S:R346T,S:K356T,S:S371F,S:S373P,S:S375F,S:T376A,S:R403K,S:D405N,S:R408S,S:K417N,S:N440K,S:K444R,S:V445H,S:G446S,S:N450D,S:L452W,S:L455S,S:F456L,S:N460K,S:A475V,S:S477N,S:T478K,S:N481K,S:E484K,S:F486P,S:Q498R,S:N501Y,S:Y505H,S:E554K,S:A570V,S:D614G,S:P621S,S:H655Y,S:N679K,S:P681R,S:N764K,S:D796Y,S:S939F,S:Q954H,S:N969K,S:P1143L;N:E31-,N:R32-,N:S33-,ORF1a:S3675-,ORF1a:G3676-,ORF1a:F3677-,ORF9b:E27-,ORF9b:N28-,ORF9b:A29-,S:L24-,S:P25-,S:P26-,S:H69-,S:V70-,S:Y144-,S:N211-,S:V483-;;;;C121T,C1457T,T3265C,C7926T,C13115T,G26550A;0;0;6;6;1341-1378;NODE_0001236;C121T,C1457T,T3265C,G4354A,C6310T,C7926T,C13115T,C22986T,G26550A,C29409T;;M:V10I,N:T379I,ORF1a:R398C,ORF1a:A2554V,S:A475V;;NT.1;C121T,C1457T,T3265C,C7926T,C13115T,G26550A;;M:V10I,ORF1a:R398C,ORF1a:A2554V;;JN.1;C121T,C1457T,T3265C,G4354A,C5239T,C6310T,C7869T,C7926T,C8818T,G12892A,C13115T,T16600C,C21627A,T21653C,A22107G,G22132T,G22599C,C22792T,A22893G,T22928C,C22986T,C22993T,G26550A,T28297C,C29409T;;M:V10I,N:T379I,ORF1a:R398C,ORF1a:S2535L,ORF1a:A2554V,ORF9b:I5T,S:T22N,S:S31P,S:K182R,S:R190S,S:R346T,S:K444R,S:F456L,S:A475V;;N/A;N/A;N/A;N/A;N/A;ORF1a:359-371;;3000;0;good;38;10;0;good;0;24;-2;0;good;6;;0;good;0;;0;;0;0;good;;0;0;good;0;;;;
19;PV289555.1 Severe acute respiratory syndrome coronavirus 2 isolate SARS-CoV-2/human/USA/NY-NYCPHL-019702/2025, complete genome;24F;24F (XEC);;24F;XEC.8;XEC.8;0.173611;good;137;68;0;0;0;0;96;17;0;0;88476;79;29840;0.9952847540380564;false;C241T,T670G,C745T,C897A,G2060A,C2790T,C3037T,G3431T,T3565C,G4184A,C4321T,A6183G,A7842G,C8293T,G8393A,C9344T,A9424G,C9534T,C10029T,C10198T,C10332T,G10447A,C10449A,G11042T,G11727A,C12789T,C12815T,C12880T,T13339C,C14408T,C15237T,C15714T,T15756A,C17410T,A18163G,A18492G,C18657T,C18894T,T18900C,C19716T,C19955T,A20055G,C20762T,C21618T,C21622T,G21624C,C21627A,C21711T,T21738C,G21941T,G21987A,T22032C,C22033A,A22034G,T22200G,C22208T,C22295A,C22353A,A22556G,G22577C,G22578A,A22629C,C22674T,T22679C,C22686T,A22688G,G22770A,G22775A,A22786C,G22813T,T22882G,G22895C,T22896A,G22898A,A22910G,C22916T,T22917G,T22926C,T22928C,T22942A,G22992A,C22995A,T23005A,G23012A,T23018C,T23019C,C23039G,A23055G,A23063T,T23075C,G23222A,C23271T,A23403G,C23423T,C23525T,T23599G,C23604G,G23749T,C23854A,G23948T,T24376C,C24378T,A24424T,T24469A,G24872T,C24990T,C25000T,C25006T,C25207T,C25584T,C25710T,C26060T,C26270T,G26529C,C26577G,A26610G,C26681T,G26709A,C26833T,C26858T,A27259C,G27382C,A27383T,T27384C,T27504C,C27807T,T27810C,A28271T,C28291A,C28311T,G28881A,G28882A,G28883C,G28884C,C28958A,C29358T,A29510C;11288-11296,21633-21641,21765-21770,21992-21994,22194-22196,23009-23011,28362-28370,29734-29759;;;E:T9I,M:D3H,M:Q19E,M:T30A,M:A63T,M:A104V,N:P13L,N:R203K,N:G204P,N:Q229K,N:T362I,N:S413R,ORF1a:S135R,ORF1a:A211D,ORF1a:A599T,ORF1a:T842I,ORF1a:V1056L,ORF1a:G1307S,ORF1a:K1973R,ORF1a:N2526S,ORF1a:A2710T,ORF1a:L3027F,ORF1a:T3090I,ORF1a:T3255I,ORF1a:T3356I,ORF1a:P3395H,ORF1a:V3593F,ORF1a:R3821K,ORF1a:T4175I,ORF1b:P314L,ORF1b:R1315C,ORF1b:I1566V,ORF1b:T2163I,ORF1b:T2432I,ORF3a:T223I,ORF6:D61L,ORF7b:F19L,ORF9b:P3H,ORF9b:P10S,S:T19I,S:R21T,S:T22N,S:A27S,S:S50L,S:F59S,S:V127F,S:G142D,S:F157S,S:R158G,S:L212I,S:V213G,S:L216F,S:H245N,S:A264D,S:I332V,S:G339H,S:K356T,S:S371F,S:S373P,S:S375F,S:T376A,S:R403K,S:D405N,S:R408S,S:K417N,S:N440K,S:V445H,S:G446S,S:N450D,S:L452W,S:L455S,S:F456L,S:N460K,S:S477N,S:T478K,S:N481K,S:E484K,S:F486P,S:Q493E,S:Q498R,S:N501Y,S:Y505H,S:E554K,S:A570V,S:D614G,S:P621S,S:H655Y,S:N679K,S:P681R,S:N764K,S:D796Y,S:S939F,S:Q954H,S:N969K,S:V1104L,S:P1143L;N:E31-,N:R32-,N:S33-,ORF1a:S3675-,ORF1a:G3676-,ORF1a:F3677-,ORF9b:E27-,ORF9b:N28-,ORF9b:A29-,S:L24-,S:P25-,S:P26-,S:H69-,S:V70-,S:Y144-,S:N211-,S:V483-;;;;C745T,C10332T,C15237T,T18900C,C20762T,G23749T,C25710T,T27504C,C29358T;0;0;9;9;;internal_XEC;C745T,C10332T,C15237T,T18900C,C20762T,G23749T,T24376C,C25710T,T27504C,C29358T;29759;N:T362I,ORF1a:T3356I,ORF1b:T2432I;;XEC.8;C745T,C10332T,C15237T,T18900C,C20762T,G23749T,C25710T,T27504C,C29358T;;N:T362I,ORF1a:T3356I,ORF1b:T2432I;;JN.1;C745T,G2060A,C10332T,C15237T,C18657T,T18900C,C19716T,C20762T,C21627A,T21738C,T22928C,C23039G,G23749T,T24376C,G24872T,C25006T,C25710T,T27504C,C28291A,G28884C,C29358T;;N:R204P,N:T362I,ORF1a:A599T,ORF1a:T3356I,ORF1b:T2432I,ORF9b:P3H,S:T22N,S:F59S,S:F456L,S:Q493E,S:V1104L;;N/A;N/A;N/A;N/A;N/A;;;3000;0;good;0;10;0;good;0;24;1;4.166667;good;9;;0;good;0;;0;;0;0;good;;0;0;good;0;;;;
